month,sign,category,forecast,stars
2025-10,Aries,Love & Relationships,"Throughout October, Aries love & relationships invites reflection. Write a kind note. Offer help before asked. Cook a meal together. Across the month, habits reveal their strength or weakness. Patience waters closeness. Over time this grows into trust. As the month ends, the lessons become steady companions.",4
2025-10,Aries,Career & Work,"As October begins, Aries career & work invites reflection. Clarify a goal. Finish a draft. Create order in one folder. Praise a teammate. Across the month, habits reveal their strength or weakness. Consistency builds progress. Each delivery strengthens your standing. As the month ends, the lessons become steady companions.",3
2025-10,Aries,Finance & Money,"Across October, Aries finance & money invites reflection. Plan meals for savings. Set aside a small saving. Review a subscription. Think of money as protection. Across the month, habits reveal their strength or weakness. Savings stack quietly. Each pause protects tomorrow. As the month ends, the lessons become steady companions.",4
2025-10,Aries,Health & Wellness,"As October closes, Aries health & wellness invites reflection. Walk outside. Thank your body. Choose water over sugar. Sleep earlier. Across the month, habits reveal their strength or weakness. Strength hides in care. Each act echoes for years. As the month ends, the lessons become steady companions.",3
2025-10,Aries,Overall,"Across October, Aries overall invites reflection. Say no gracefully. Set one small goal. Clean one surface. Across the month, habits reveal their strength or weakness. Clarity comes slowly. Trust patience to reveal direction. As the month ends, the lessons become steady companions.",4
2025-10,Taurus,Love & Relationships,"Across October, Taurus love & relationships invites reflection. Listen fully. Write a kind note. Leave space for silence. Offer help before asked. Across the month, habits reveal their strength or weakness. Patience waters closeness. Over time this grows into trust. As the month ends, the lessons become steady companions.",5
2025-10,Taurus,Career & Work,"Throughout October, Taurus career & work invites reflection. Create order in one folder. Praise a teammate. Clarify a goal. Decline one meeting. Across the month, habits reveal their strength or weakness. Consistency builds progress. Each delivery strengthens your standing. As the month ends, the lessons become steady companions.",4
2025-10,Taurus,Finance & Money,"By mid‑October, Taurus finance & money invites reflection. Plan meals for savings. Wait before buying. Review a subscription. Set aside a small saving. Across the month, habits reveal their strength or weakness. Money decisions ripple. Calm choices build lasting stability. As the month ends, the lessons become steady companions.",3
2025-10,Taurus,Health & Wellness,"Throughout October, Taurus health & wellness invites reflection. Sleep earlier. Thank your body. Walk outside. Stretch slowly. Across the month, habits reveal their strength or weakness. Health grows in rhythm. Gentle care multiplies resilience. As the month ends, the lessons become steady companions.",4
2025-10,Taurus,Overall,"As October closes, Taurus overall invites reflection. Set one small goal. Pause for five breaths. Notice joy in detail. Across the month, habits reveal their strength or weakness. Balance arrives through small steps. Each one steadies the path. As the month ends, the lessons become steady companions.",3
2025-10,Gemini,Love & Relationships,"Across October, Gemini love & relationships invites reflection. Listen fully. Leave space for silence. Offer help before asked. Write a kind note. Across the month, habits reveal their strength or weakness. Love matures in small acts. Each quiet step builds devotion. As the month ends, the lessons become steady companions.",4
2025-10,Gemini,Career & Work,"Across October, Gemini career & work invites reflection. Create order in one folder. Clarify a goal. Praise a teammate. Across the month, habits reveal their strength or weakness. Consistency builds progress. Each delivery strengthens your standing. As the month ends, the lessons become steady companions.",4
2025-10,Gemini,Finance & Money,"As October closes, Gemini finance & money invites reflection. Wait before buying. Review a subscription. Set aside a small saving. Across the month, habits reveal their strength or weakness. Money decisions ripple. Calm choices build lasting stability. As the month ends, the lessons become steady companions.",3
2025-10,Gemini,Health & Wellness,"Throughout October, Gemini health & wellness invites reflection. Stretch slowly. Choose water over sugar. Sleep earlier. Walk outside. Across the month, habits reveal their strength or weakness. Strength hides in care. Each act echoes for years. As the month ends, the lessons become steady companions.",3
2025-10,Gemini,Overall,"As October begins, Gemini overall invites reflection. Clean one surface. Notice joy in detail. Set one small goal. Say no gracefully. Across the month, habits reveal their strength or weakness. Clarity comes slowly. Trust patience to reveal direction. As the month ends, the lessons become steady companions.",2
2025-10,Cancer,Love & Relationships,"Across October, Cancer love & relationships invites reflection. Leave space for silence. Offer help before asked. Listen fully. Across the month, habits reveal their strength or weakness. Love matures in small acts. Each quiet step builds devotion. As the month ends, the lessons become steady companions.",3
2025-10,Cancer,Career & Work,"Late October, Cancer career & work invites reflection. Create order in one folder. Clarify a goal. Decline one meeting. Across the month, habits reveal their strength or weakness. Results echo longer than ambition. Quiet effort defines your work. As the month ends, the lessons become steady companions.",4
2025-10,Cancer,Finance & Money,"Throughout October, Cancer finance & money invites reflection. Plan meals for savings. Think of money as protection. Review a subscription. Across the month, habits reveal their strength or weakness. Savings stack quietly. Each pause protects tomorrow. As the month ends, the lessons become steady companions.",4
2025-10,Cancer,Health & Wellness,"Across October, Cancer health & wellness invites reflection. Walk outside. Choose water over sugar. Sleep earlier. Across the month, habits reveal their strength or weakness. Strength hides in care. Each act echoes for years. As the month ends, the lessons become steady companions.",4
2025-10,Cancer,Overall,"Late October, Cancer overall invites reflection. Notice joy in detail. Clean one surface. Say no gracefully. Pause for five breaths. Across the month, habits reveal their strength or weakness. Balance arrives through small steps. Each one steadies the path. As the month ends, the lessons become steady companions.",4
2025-10,Leo,Love & Relationships,"Throughout October, Leo love & relationships invites reflection. Cook a meal together. Write a kind note. Offer help before asked. Across the month, habits reveal their strength or weakness. Patience waters closeness. Over time this grows into trust. As the month ends, the lessons become steady companions.",2
2025-10,Leo,Career & Work,"As October closes, Leo career & work invites reflection. Finish a draft. Praise a teammate. Create order in one folder. Across the month, habits reveal their strength or weakness. Results echo longer than ambition. Quiet effort defines your work. As the month ends, the lessons become steady companions.",4
2025-10,Leo,Finance & Money,"Across October, Leo finance & money invites reflection. Wait before buying. Review a subscription. Think of money as protection. Across the month, habits reveal their strength or weakness. Savings stack quietly. Each pause protects tomorrow. As the month ends, the lessons become steady companions.",5
2025-10,Leo,Health & Wellness,"Throughout October, Leo health & wellness invites reflection. Walk outside. Sleep earlier. Thank your body. Choose water over sugar. Across the month, habits reveal their strength or weakness. Strength hides in care. Each act echoes for years. As the month ends, the lessons become steady companions.",5
2025-10,Leo,Overall,"Throughout October, Leo overall invites reflection. Pause for five breaths. Notice joy in detail. Clean one surface. Across the month, habits reveal their strength or weakness. Clarity comes slowly. Trust patience to reveal direction. As the month ends, the lessons become steady companions.",3
2025-10,Virgo,Love & Relationships,"Late October, Virgo love & relationships invites reflection. Leave space for silence. Write a kind note. Listen fully. Across the month, habits reveal their strength or weakness. Patience waters closeness. Over time this grows into trust. As the month ends, the lessons become steady companions.",3
2025-10,Virgo,Career & Work,"As October begins, Virgo career & work invites reflection. Clarify a goal. Finish a draft. Decline one meeting. Across the month, habits reveal their strength or weakness. Results echo longer than ambition. Quiet effort defines your work. As the month ends, the lessons become steady companions.",4
2025-10,Virgo,Finance & Money,"Late October, Virgo finance & money invites reflection. Think of money as protection. Review a subscription. Wait before buying. Across the month, habits reveal their strength or weakness. Savings stack quietly. Each pause protects tomorrow. As the month ends, the lessons become steady companions.",4
2025-10,Virgo,Health & Wellness,"As October begins, Virgo health & wellness invites reflection. Stretch slowly. Thank your body. Sleep earlier. Across the month, habits reveal their strength or weakness. Health grows in rhythm. Gentle care multiplies resilience. As the month ends, the lessons become steady companions.",4
2025-10,Virgo,Overall,"As October begins, Virgo overall invites reflection. Clean one surface. Notice joy in detail. Say no gracefully. Set one small goal. Across the month, habits reveal their strength or weakness. Balance arrives through small steps. Each one steadies the path. As the month ends, the lessons become steady companions.",2
2025-10,Libra,Love & Relationships,"Across October, Libra love & relationships invites reflection. Leave space for silence. Offer help before asked. Listen fully. Cook a meal together. Across the month, habits reveal their strength or weakness. Love matures in small acts. Each quiet step builds devotion. As the month ends, the lessons become steady companions.",4
2025-10,Libra,Career & Work,"Late October, Libra career & work invites reflection. Praise a teammate. Finish a draft. Create order in one folder. Decline one meeting. Across the month, habits reveal their strength or weakness. Results echo longer than ambition. Quiet effort defines your work. As the month ends, the lessons become steady companions.",4
2025-10,Libra,Finance & Money,"Late October, Libra finance & money invites reflection. Think of money as protection. Set aside a small saving. Review a subscription. Across the month, habits reveal their strength or weakness. Savings stack quietly. Each pause protects tomorrow. As the month ends, the lessons become steady companions.",2
2025-10,Libra,Health & Wellness,"Throughout October, Libra health & wellness invites reflection. Choose water over sugar. Thank your body. Sleep earlier. Across the month, habits reveal their strength or weakness. Health grows in rhythm. Gentle care multiplies resilience. As the month ends, the lessons become steady companions.",2
2025-10,Libra,Overall,"Across October, Libra overall invites reflection. Notice joy in detail. Clean one surface. Set one small goal. Across the month, habits reveal their strength or weakness. Balance arrives through small steps. Each one steadies the path. As the month ends, the lessons become steady companions.",3
2025-10,Scorpio,Love & Relationships,"As October closes, Scorpio love & relationships invites reflection. Write a kind note. Offer help before asked. Leave space for silence. Across the month, habits reveal their strength or weakness. Love matures in small acts. Each quiet step builds devotion. As the month ends, the lessons become steady companions.",5
2025-10,Scorpio,Career & Work,"Across October, Scorpio career & work invites reflection. Create order in one folder. Clarify a goal. Decline one meeting. Finish a draft. Across the month, habits reveal their strength or weakness. Results echo longer than ambition. Quiet effort defines your work. As the month ends, the lessons become steady companions.",3
2025-10,Scorpio,Finance & Money,"By mid‑October, Scorpio finance & money invites reflection. Plan meals for savings. Review a subscription. Think of money as protection. Set aside a small saving. Across the month, habits reveal their strength or weakness. Money decisions ripple. Calm choices build lasting stability. As the month ends, the lessons become steady companions.",4
2025-10,Scorpio,Health & Wellness,"Throughout October, Scorpio health & wellness invites reflection. Sleep earlier. Walk outside. Choose water over sugar. Across the month, habits reveal their strength or weakness. Strength hides in care. Each act echoes for years. As the month ends, the lessons become steady companions.",3
2025-10,Scorpio,Overall,"As October closes, Scorpio overall invites reflection. Pause for five breaths. Say no gracefully. Clean one surface. Notice joy in detail. Across the month, habits reveal their strength or weakness. Clarity comes slowly. Trust patience to reveal direction. As the month ends, the lessons become steady companions.",4
2025-10,Sagittarius,Love & Relationships,"By mid‑October, Sagittarius love & relationships invites reflection. Write a kind note. Cook a meal together. Leave space for silence. Listen fully. Across the month, habits reveal their strength or weakness. Love matures in small acts. Each quiet step builds devotion. As the month ends, the lessons become steady companions.",2
2025-10,Sagittarius,Career & Work,"Across October, Sagittarius career & work invites reflection. Create order in one folder. Praise a teammate. Clarify a goal. Finish a draft. Across the month, habits reveal their strength or weakness. Results echo longer than ambition. Quiet effort defines your work. As the month ends, the lessons become steady companions.",2
2025-10,Sagittarius,Finance & Money,"Late October, Sagittarius finance & money invites reflection. Plan meals for savings. Set aside a small saving. Review a subscription. Think of money as protection. Across the month, habits reveal their strength or weakness. Savings stack quietly. Each pause protects tomorrow. As the month ends, the lessons become steady companions.",4
2025-10,Sagittarius,Health & Wellness,"Late October, Sagittarius health & wellness invites reflection. Sleep earlier. Choose water over sugar. Thank your body. Across the month, habits reveal their strength or weakness. Strength hides in care. Each act echoes for years. As the month ends, the lessons become steady companions.",3
2025-10,Sagittarius,Overall,"Throughout October, Sagittarius overall invites reflection. Notice joy in detail. Say no gracefully. Pause for five breaths. Across the month, habits reveal their strength or weakness. Balance arrives through small steps. Each one steadies the path. As the month ends, the lessons become steady companions.",4
2025-10,Capricorn,Love & Relationships,"Across October, Capricorn love & relationships invites reflection. Cook a meal together. Leave space for silence. Write a kind note. Across the month, habits reveal their strength or weakness. Patience waters closeness. Over time this grows into trust. As the month ends, the lessons become steady companions.",3
2025-10,Capricorn,Career & Work,"Late October, Capricorn career & work invites reflection. Finish a draft. Praise a teammate. Decline one meeting. Create order in one folder. Across the month, habits reveal their strength or weakness. Results echo longer than ambition. Quiet effort defines your work. As the month ends, the lessons become steady companions.",4
2025-10,Capricorn,Finance & Money,"Throughout October, Capricorn finance & money invites reflection. Plan meals for savings. Think of money as protection. Set aside a small saving. Across the month, habits reveal their strength or weakness. Money decisions ripple. Calm choices build lasting stability. As the month ends, the lessons become steady companions.",4
2025-10,Capricorn,Health & Wellness,"Across October, Capricorn health & wellness invites reflection. Walk outside. Thank your body. Choose water over sugar. Across the month, habits reveal their strength or weakness. Strength hides in care. Each act echoes for years. As the month ends, the lessons become steady companions.",5
2025-10,Capricorn,Overall,"As October begins, Capricorn overall invites reflection. Say no gracefully. Clean one surface. Set one small goal. Pause for five breaths. Across the month, habits reveal their strength or weakness. Balance arrives through small steps. Each one steadies the path. As the month ends, the lessons become steady companions.",4
2025-10,Aquarius,Love & Relationships,"Late October, Aquarius love & relationships invites reflection. Leave space for silence. Offer help before asked. Listen fully. Write a kind note. Across the month, habits reveal their strength or weakness. Patience waters closeness. Over time this grows into trust. As the month ends, the lessons become steady companions.",2
2025-10,Aquarius,Career & Work,"Across October, Aquarius career & work invites reflection. Decline one meeting. Finish a draft. Praise a teammate. Create order in one folder. Across the month, habits reveal their strength or weakness. Results echo longer than ambition. Quiet effort defines your work. As the month ends, the lessons become steady companions.",5
2025-10,Aquarius,Finance & Money,"Late October, Aquarius finance & money invites reflection. Set aside a small saving. Wait before buying. Think of money as protection. Across the month, habits reveal their strength or weakness. Money decisions ripple. Calm choices build lasting stability. As the month ends, the lessons become steady companions.",4
2025-10,Aquarius,Health & Wellness,"As October begins, Aquarius health & wellness invites reflection. Walk outside. Choose water over sugar. Thank your body. Across the month, habits reveal their strength or weakness. Health grows in rhythm. Gentle care multiplies resilience. As the month ends, the lessons become steady companions.",3
2025-10,Aquarius,Overall,"Late October, Aquarius overall invites reflection. Set one small goal. Clean one surface. Pause for five breaths. Across the month, habits reveal their strength or weakness. Balance arrives through small steps. Each one steadies the path. As the month ends, the lessons become steady companions.",4
2025-10,Pisces,Love & Relationships,"As October begins, Pisces love & relationships invites reflection. Cook a meal together. Listen fully. Offer help before asked. Write a kind note. Across the month, habits reveal their strength or weakness. Love matures in small acts. Each quiet step builds devotion. As the month ends, the lessons become steady companions.",4
2025-10,Pisces,Career & Work,"As October closes, Pisces career & work invites reflection. Create order in one folder. Praise a teammate. Clarify a goal. Finish a draft. Across the month, habits reveal their strength or weakness. Results echo longer than ambition. Quiet effort defines your work. As the month ends, the lessons become steady companions.",2
2025-10,Pisces,Finance & Money,"Late October, Pisces finance & money invites reflection. Plan meals for savings. Set aside a small saving. Think of money as protection. Review a subscription. Across the month, habits reveal their strength or weakness. Money decisions ripple. Calm choices build lasting stability. As the month ends, the lessons become steady companions.",2
2025-10,Pisces,Health & Wellness,"Throughout October, Pisces health & wellness invites reflection. Sleep earlier. Stretch slowly. Choose water over sugar. Across the month, habits reveal their strength or weakness. Strength hides in care. Each act echoes for years. As the month ends, the lessons become steady companions.",3
2025-10,Pisces,Overall,"As October closes, Pisces overall invites reflection. Clean one surface. Say no gracefully. Pause for five breaths. Notice joy in detail. Across the month, habits reveal their strength or weakness. Balance arrives through small steps. Each one steadies the path. As the month ends, the lessons become steady companions.",4
