week_start,week_end,sign,category,forecast,stars
2025-08-01,2025-08-03,aquarius,Career & Work,Projects gain momentum as you close loose ends. Brainstorm midweek; polish results afterward.,4
2025-08-01,2025-08-03,aquarius,Finance & Money,Tighten your budget with one smart tweak. Delay nonessential purchases until clarity improves.,3
2025-08-01,2025-08-03,aquarius,Health & Wellness,Consistent light exercise keeps energy steady. Prioritize sleep to protect focus and mood.,4
2025-08-01,2025-08-03,aquarius,Love & Relationships,Quality conversations deepen bonds. Share intentions clearly and invite honest feedback.,4
2025-08-01,2025-08-03,aquarius,Luck & Opportunities,A casual chat could open a door. Follow up quickly on promising leads.,4
2025-08-01,2025-08-03,aquarius,Overall,You balance curiosity with execution. Keep priorities visible and leave space for surprises.,4
2025-08-01,2025-08-03,aquarius,Travel & Adventure,Short trips or new routes refresh creativity. Stay flexible with timing.,3
2025-08-04,2025-08-10,aquarius,Career & Work,Projects gain momentum as you close loose ends. Brainstorm midweek; polish results afterward.,4
2025-08-04,2025-08-10,aquarius,Finance & Money,Tighten your budget with one smart tweak. Delay nonessential purchases until clarity improves.,3
2025-08-04,2025-08-10,aquarius,Health & Wellness,Consistent light exercise keeps energy steady. Prioritize sleep to protect focus and mood.,4
2025-08-04,2025-08-10,aquarius,Love & Relationships,Quality conversations deepen bonds. Share intentions clearly and invite honest feedback.,4
2025-08-04,2025-08-10,aquarius,Luck & Opportunities,A casual chat could open a door. Follow up quickly on promising leads.,4
2025-08-04,2025-08-10,aquarius,Overall,You balance curiosity with execution. Keep priorities visible and leave space for surprises.,4
2025-08-04,2025-08-10,aquarius,Travel & Adventure,Short trips or new routes refresh creativity. Stay flexible with timing.,3
2025-08-11,2025-08-17,aquarius,Career & Work,Projects gain momentum as you close loose ends. Brainstorm midweek; polish results afterward.,4
2025-08-11,2025-08-17,aquarius,Finance & Money,Tighten your budget with one smart tweak. Delay nonessential purchases until clarity improves.,2
2025-08-11,2025-08-17,aquarius,Health & Wellness,Consistent light exercise keeps energy steady. Prioritize sleep to protect focus and mood.,4
2025-08-11,2025-08-17,aquarius,Love & Relationships,Quality conversations deepen bonds. Share intentions clearly and invite honest feedback.,4
2025-08-11,2025-08-17,aquarius,Luck & Opportunities,A casual chat could open a door. Follow up quickly on promising leads.,4
2025-08-11,2025-08-17,aquarius,Overall,You balance curiosity with execution. Keep priorities visible and leave space for surprises.,4
2025-08-11,2025-08-17,aquarius,Travel & Adventure,Short trips or new routes refresh creativity. Stay flexible with timing.,3
2025-08-18,2025-08-24,aquarius,Career & Work,Projects gain momentum as you close loose ends. Brainstorm midweek; polish results afterward.,4
2025-08-18,2025-08-24,aquarius,Finance & Money,Tighten your budget with one smart tweak. Delay nonessential purchases until clarity improves.,3
2025-08-18,2025-08-24,aquarius,Health & Wellness,Consistent light exercise keeps energy steady. Prioritize sleep to protect focus and mood.,4
2025-08-18,2025-08-24,aquarius,Love & Relationships,Quality conversations deepen bonds. Share intentions clearly and invite honest feedback.,4
2025-08-18,2025-08-24,aquarius,Luck & Opportunities,A casual chat could open a door. Follow up quickly on promising leads.,4
2025-08-18,2025-08-24,aquarius,Overall,You balance curiosity with execution. Keep priorities visible and leave space for surprises.,4
2025-08-18,2025-08-24,aquarius,Travel & Adventure,Short trips or new routes refresh creativity. Stay flexible with timing.,3
2025-08-25,2025-08-31,aquarius,Career & Work,Projects gain momentum as you close loose ends. Brainstorm midweek; polish results afterward.,4
2025-08-25,2025-08-31,aquarius,Finance & Money,Tighten your budget with one smart tweak. Delay nonessential purchases until clarity improves.,3
2025-08-25,2025-08-31,aquarius,Health & Wellness,Consistent light exercise keeps energy steady. Prioritize sleep to protect focus and mood.,4
2025-08-25,2025-08-31,aquarius,Love & Relationships,Quality conversations deepen bonds. Share intentions clearly and invite honest feedback.,4
2025-08-25,2025-08-31,aquarius,Luck & Opportunities,A casual chat could open a door. Follow up quickly on promising leads.,4
2025-08-25,2025-08-31,aquarius,Overall,You balance curiosity with execution. Keep priorities visible and leave space for surprises.,4
2025-08-25,2025-08-31,aquarius,Travel & Adventure,Short trips or new routes refresh creativity. Stay flexible with timing.,3
