date,sign,category,forecast,stars
2025-08-01,cancer,Career & Work,Ship one important task; let the small stuff wait.,3
2025-08-01,cancer,Finance & Money,Glance at your budget; one tweak frees breathing room.,3
2025-08-01,cancer,Health & Wellness,Stretch your neck and breathe; tension melts quickly.,4
2025-08-01,cancer,Love & Relationships,Say what you appreciate; it lands softly.,5
2025-08-01,cancer,Luck & Opportunities,Reply to the warm invite; see where it leads.,3
2025-08-01,cancer,Overall,Stay caring and kind to yourself. One brave nudge moves everything. Celebrate tiny progress.,4
2025-08-01,cancer,Travel & Adventure,Try a new route; fresh views refresh thinking.,3
2025-08-02,cancer,Career & Work,Protect a quiet hour; your best idea lands then.,3
2025-08-02,cancer,Finance & Money,Cancel a meh subscription; pocket the relief.,4
2025-08-02,cancer,Health & Wellness,Drink water first; your brain perks up.,3
2025-08-02,cancer,Love & Relationships,Text someone you miss; keep it simple.,3
2025-08-02,cancer,Luck & Opportunities,Pitch the tiny idea; someone’s ready to hear it.,4
2025-08-02,cancer,Overall,Your intuitive side leads nicely. Keep plans light. Small steps feel surprisingly big.,3
2025-08-02,cancer,Travel & Adventure,Walk a different block; notice three details.,4
2025-08-03,cancer,Career & Work,Ask for help early; momentum beats perfection today.,4
2025-08-03,cancer,Finance & Money,Compare prices once; future bills get lighter.,3
2025-08-03,cancer,Health & Wellness,Take a brisk walk; mood follows feet.,4
2025-08-03,cancer,Love & Relationships,Listen without fixing; it’s enough today.,3
2025-08-03,cancer,Luck & Opportunities,Follow up once; timing favors you.,3
2025-08-03,cancer,Overall,Your protective side leads nicely. Keep plans light. Small steps feel surprisingly big.,4
2025-08-03,cancer,Travel & Adventure,Visit a nearby cafe; people-watching sparks ideas.,3
2025-08-04,cancer,Career & Work,Write a short plan; future-you will thank you.,3
2025-08-04,cancer,Finance & Money,Round up savings today; tiny moves still count.,4
2025-08-04,cancer,Health & Wellness,Pick a calm bedtime; protect tomorrow’s energy.,3
2025-08-04,cancer,Love & Relationships,Share one honest feeling; connection deepens.,4
2025-08-04,cancer,Luck & Opportunities,Ask one bold question; doors like to open.,3
2025-08-04,cancer,Overall,Your caring energy is enough. Choose clarity over hustle. Notice how support appears.,3
2025-08-04,cancer,Travel & Adventure,Plan a micro-adventure; one hour is enough.,4
2025-08-05,cancer,Career & Work,Close one loop; tiny wins snowball fast.,4
2025-08-05,cancer,Finance & Money,Delay an impulse buy; see if you still want it tomorrow.,3
2025-08-05,cancer,Health & Wellness,"Stand, roll your shoulders, smile; tiny reset.",3
2025-08-05,cancer,Love & Relationships,Give a tiny compliment; watch the shift.,3
2025-08-05,cancer,Luck & Opportunities,Say yes to the short call; serendipity needs a chance.,4
2025-08-05,cancer,Overall,Your intuitive side leads nicely. Keep plans light. Small steps feel surprisingly big.,4
2025-08-05,cancer,Travel & Adventure,Leave ten minutes early; enjoy a slower pace.,3
2025-08-06,cancer,Career & Work,Tidy your to-do list; then knock out the top item.,3
2025-08-06,cancer,Finance & Money,Set a mini goal; screenshot progress for motivation.,3
2025-08-06,cancer,Health & Wellness,Eat something colorful and simple.,4
2025-08-06,cancer,Love & Relationships,Set a gentle boundary; respect follows.,4
2025-08-06,cancer,Luck & Opportunities,Introduce two people; good things echo back.,3
2025-08-06,cancer,Overall,Your protective energy is enough. Choose clarity over hustle. Notice how support appears.,4
2025-08-06,cancer,Travel & Adventure,Pack light; comfort beats clutter.,3
2025-08-07,cancer,Career & Work,Speak up kindly; a door opens when you do.,3
2025-08-07,cancer,Finance & Money,Review one bill; catch a sneaky fee.,4
2025-08-07,cancer,Health & Wellness,Pause for three slow breaths; you’ll feel lighter.,3
2025-08-07,cancer,Love & Relationships,Laugh together about something small.,3
2025-08-07,cancer,Luck & Opportunities,Post the draft; done beats perfect.,4
2025-08-07,cancer,Overall,Your caring side leads nicely. Keep plans light. Small steps feel surprisingly big.,3
2025-08-07,cancer,Travel & Adventure,Pick a park bench; let your mind wander.,4
2025-08-08,cancer,Career & Work,Ship one important task; let the small stuff wait.,4
2025-08-08,cancer,Finance & Money,Glance at your budget; one tweak frees breathing room.,3
2025-08-08,cancer,Health & Wellness,Stretch your neck and breathe; tension melts quickly.,4
2025-08-08,cancer,Love & Relationships,Say what you appreciate; it lands softly.,4
2025-08-08,cancer,Luck & Opportunities,Reply to the warm invite; see where it leads.,3
2025-08-08,cancer,Overall,Your intuitive energy is enough. Choose clarity over hustle. Notice how support appears.,4
2025-08-08,cancer,Travel & Adventure,Try a new route; fresh views refresh thinking.,3
2025-08-09,cancer,Career & Work,Protect a quiet hour; your best idea lands then.,3
2025-08-09,cancer,Finance & Money,Cancel a meh subscription; pocket the relief.,4
2025-08-09,cancer,Health & Wellness,Drink water first; your brain perks up.,3
2025-08-09,cancer,Love & Relationships,Text someone you miss; keep it simple.,4
2025-08-09,cancer,Luck & Opportunities,Pitch the tiny idea; someone’s ready to hear it.,3
2025-08-09,cancer,Overall,Your protective side leads nicely. Keep plans light. Small steps feel surprisingly big.,3
2025-08-09,cancer,Travel & Adventure,Walk a different block; notice three details.,4
2025-08-10,cancer,Career & Work,Ask for help early; momentum beats perfection today.,4
2025-08-10,cancer,Finance & Money,Compare prices once; future bills get lighter.,3
2025-08-10,cancer,Health & Wellness,Take a brisk walk; mood follows feet.,3
2025-08-10,cancer,Love & Relationships,Listen without fixing; it’s enough today.,3
2025-08-10,cancer,Luck & Opportunities,Follow up once; timing favors you.,4
2025-08-10,cancer,Overall,Stay caring and kind to yourself. One brave nudge moves everything. Celebrate tiny progress.,4
2025-08-10,cancer,Travel & Adventure,Visit a nearby cafe; people-watching sparks ideas.,3
2025-08-11,cancer,Career & Work,Write a short plan; future-you will thank you.,3
2025-08-11,cancer,Finance & Money,Round up savings today; tiny moves still count.,3
2025-08-11,cancer,Health & Wellness,Pick a calm bedtime; protect tomorrow’s energy.,4
2025-08-11,cancer,Love & Relationships,Share one honest feeling; connection deepens.,4
2025-08-11,cancer,Luck & Opportunities,Ask one bold question; doors like to open.,3
2025-08-11,cancer,Overall,Stay intuitive and kind to yourself. One brave nudge moves everything. Celebrate tiny progress.,4
2025-08-11,cancer,Travel & Adventure,Plan a micro-adventure; one hour is enough.,3
2025-08-12,cancer,Career & Work,Close one loop; tiny wins snowball fast.,3
2025-08-12,cancer,Finance & Money,Delay an impulse buy; see if you still want it tomorrow.,4
2025-08-12,cancer,Health & Wellness,"Stand, roll your shoulders, smile; tiny reset.",3
2025-08-12,cancer,Love & Relationships,Give a tiny compliment; watch the shift.,3
2025-08-12,cancer,Luck & Opportunities,Say yes to the short call; serendipity needs a chance.,4
2025-08-12,cancer,Overall,Your protective energy is enough. Choose clarity over hustle. Notice how support appears.,3
2025-08-12,cancer,Travel & Adventure,Leave ten minutes early; enjoy a slower pace.,4
2025-08-13,cancer,Career & Work,Tidy your to-do list; then knock out the top item.,4
2025-08-13,cancer,Finance & Money,Set a mini goal; screenshot progress for motivation.,3
2025-08-13,cancer,Health & Wellness,Eat something colorful and simple.,4
2025-08-13,cancer,Love & Relationships,Set a gentle boundary; respect follows.,3
2025-08-13,cancer,Luck & Opportunities,Introduce two people; good things echo back.,3
2025-08-13,cancer,Overall,Your caring side leads nicely. Keep plans light. Small steps feel surprisingly big.,4
2025-08-13,cancer,Travel & Adventure,Pack light; comfort beats clutter.,3
2025-08-14,cancer,Career & Work,Speak up kindly; a door opens when you do.,3
2025-08-14,cancer,Finance & Money,Review one bill; catch a sneaky fee.,4
2025-08-14,cancer,Health & Wellness,Pause for three slow breaths; you’ll feel lighter.,3
2025-08-14,cancer,Love & Relationships,Laugh together about something small.,4
2025-08-14,cancer,Luck & Opportunities,Post the draft; done beats perfect.,3
2025-08-14,cancer,Overall,Stay intuitive and kind to yourself. One brave nudge moves everything. Celebrate tiny progress.,3
2025-08-14,cancer,Travel & Adventure,Pick a park bench; let your mind wander.,4
2025-08-15,cancer,Career & Work,Ship one important task; let the small stuff wait.,4
2025-08-15,cancer,Finance & Money,Glance at your budget; one tweak frees breathing room.,3
2025-08-15,cancer,Health & Wellness,Stretch your neck and breathe; tension melts quickly.,3
2025-08-15,cancer,Love & Relationships,Say what you appreciate; it lands softly.,4
2025-08-15,cancer,Luck & Opportunities,Reply to the warm invite; see where it leads.,4
2025-08-15,cancer,Overall,Your protective energy is enough. Choose clarity over hustle. Notice how support appears.,4
2025-08-15,cancer,Travel & Adventure,Try a new route; fresh views refresh thinking.,3
2025-08-16,cancer,Career & Work,Protect a quiet hour; your best idea lands then.,3
2025-08-16,cancer,Finance & Money,Cancel a meh subscription; pocket the relief.,3
2025-08-16,cancer,Health & Wellness,Drink water first; your brain perks up.,4
2025-08-16,cancer,Love & Relationships,Text someone you miss; keep it simple.,4
2025-08-16,cancer,Luck & Opportunities,Pitch the tiny idea; someone’s ready to hear it.,3
2025-08-16,cancer,Overall,Stay caring and kind to yourself. One brave nudge moves everything. Celebrate tiny progress.,4
2025-08-16,cancer,Travel & Adventure,Walk a different block; notice three details.,3
2025-08-17,cancer,Career & Work,Ask for help early; momentum beats perfection today.,3
2025-08-17,cancer,Finance & Money,Compare prices once; future bills get lighter.,4
2025-08-17,cancer,Health & Wellness,Take a brisk walk; mood follows feet.,3
2025-08-17,cancer,Love & Relationships,Listen without fixing; it’s enough today.,3
2025-08-17,cancer,Luck & Opportunities,Follow up once; timing favors you.,4
2025-08-17,cancer,Overall,Your intuitive side leads nicely. Keep plans light. Small steps feel surprisingly big.,3
2025-08-17,cancer,Travel & Adventure,Visit a nearby cafe; people-watching sparks ideas.,4
2025-08-18,cancer,Career & Work,Write a short plan; future-you will thank you.,4
2025-08-18,cancer,Finance & Money,Round up savings today; tiny moves still count.,3
2025-08-18,cancer,Health & Wellness,Pick a calm bedtime; protect tomorrow’s energy.,4
2025-08-18,cancer,Love & Relationships,Share one honest feeling; connection deepens.,3
2025-08-18,cancer,Luck & Opportunities,Ask one bold question; doors like to open.,3
2025-08-18,cancer,Overall,Lean into being protective. Protect your focus windows. Conversations bring easy wins.,4
2025-08-18,cancer,Travel & Adventure,Plan a micro-adventure; one hour is enough.,3
2025-08-19,cancer,Career & Work,Close one loop; tiny wins snowball fast.,3
2025-08-19,cancer,Finance & Money,Delay an impulse buy; see if you still want it tomorrow.,4
2025-08-19,cancer,Health & Wellness,"Stand, roll your shoulders, smile; tiny reset.",3
2025-08-19,cancer,Love & Relationships,Give a tiny compliment; watch the shift.,4
2025-08-19,cancer,Luck & Opportunities,Say yes to the short call; serendipity needs a chance.,3
2025-08-19,cancer,Overall,Your caring energy is enough. Choose clarity over hustle. Notice how support appears.,3
2025-08-19,cancer,Travel & Adventure,Leave ten minutes early; enjoy a slower pace.,4
2025-08-20,cancer,Career & Work,Tidy your to-do list; then knock out the top item.,4
2025-08-20,cancer,Finance & Money,Set a mini goal; screenshot progress for motivation.,3
2025-08-20,cancer,Health & Wellness,Eat something colorful and simple.,3
2025-08-20,cancer,Love & Relationships,Set a gentle boundary; respect follows.,3
2025-08-20,cancer,Luck & Opportunities,Introduce two people; good things echo back.,4
2025-08-20,cancer,Overall,Your intuitive side leads nicely. Keep plans light. Small steps feel surprisingly big.,4
2025-08-20,cancer,Travel & Adventure,Pack light; comfort beats clutter.,3
2025-08-21,cancer,Career & Work,Speak up kindly; a door opens when you do.,3
2025-08-21,cancer,Finance & Money,Review one bill; catch a sneaky fee.,3
2025-08-21,cancer,Health & Wellness,Pause for three slow breaths; you’ll feel lighter.,4
2025-08-21,cancer,Love & Relationships,Laugh together about something small.,4
2025-08-21,cancer,Luck & Opportunities,Post the draft; done beats perfect.,3
2025-08-21,cancer,Overall,Lean into being protective. Protect your focus windows. Conversations bring easy wins.,4
2025-08-21,cancer,Travel & Adventure,Pick a park bench; let your mind wander.,3
2025-08-22,cancer,Career & Work,Ship one important task; let the small stuff wait.,3
2025-08-22,cancer,Finance & Money,Glance at your budget; one tweak frees breathing room.,4
2025-08-22,cancer,Health & Wellness,Stretch your neck and breathe; tension melts quickly.,3
2025-08-22,cancer,Love & Relationships,Say what you appreciate; it lands softly.,4
2025-08-22,cancer,Luck & Opportunities,Reply to the warm invite; see where it leads.,4
2025-08-22,cancer,Overall,Stay caring and kind to yourself. One brave nudge moves everything. Celebrate tiny progress.,3
2025-08-22,cancer,Travel & Adventure,Try a new route; fresh views refresh thinking.,4
2025-08-23,cancer,Career & Work,Protect a quiet hour; your best idea lands then.,4
2025-08-23,cancer,Finance & Money,Cancel a meh subscription; pocket the relief.,3
2025-08-23,cancer,Health & Wellness,Drink water first; your brain perks up.,4
2025-08-23,cancer,Love & Relationships,Text someone you miss; keep it simple.,3
2025-08-23,cancer,Luck & Opportunities,Pitch the tiny idea; someone’s ready to hear it.,3
2025-08-23,cancer,Overall,Lean into being intuitive. Protect your focus windows. Conversations bring easy wins.,4
2025-08-23,cancer,Travel & Adventure,Walk a different block; notice three details.,3
2025-08-24,cancer,Career & Work,Ask for help early; momentum beats perfection today.,3
2025-08-24,cancer,Finance & Money,Compare prices once; future bills get lighter.,4
2025-08-24,cancer,Health & Wellness,Take a brisk walk; mood follows feet.,3
2025-08-24,cancer,Love & Relationships,Listen without fixing; it’s enough today.,4
2025-08-24,cancer,Luck & Opportunities,Follow up once; timing favors you.,3
2025-08-24,cancer,Overall,Your protective side leads nicely. Keep plans light. Small steps feel surprisingly big.,3
2025-08-24,cancer,Travel & Adventure,Visit a nearby cafe; people-watching sparks ideas.,4
2025-08-25,cancer,Career & Work,Write a short plan; future-you will thank you.,4
2025-08-25,cancer,Finance & Money,Round up savings today; tiny moves still count.,3
2025-08-25,cancer,Health & Wellness,Pick a calm bedtime; protect tomorrow’s energy.,3
2025-08-25,cancer,Love & Relationships,Share one honest feeling; connection deepens.,3
2025-08-25,cancer,Luck & Opportunities,Ask one bold question; doors like to open.,4
2025-08-25,cancer,Overall,Your caring side leads nicely. Keep plans light. Small steps feel surprisingly big.,4
2025-08-25,cancer,Travel & Adventure,Plan a micro-adventure; one hour is enough.,3
2025-08-26,cancer,Career & Work,Close one loop; tiny wins snowball fast.,3
2025-08-26,cancer,Finance & Money,Delay an impulse buy; see if you still want it tomorrow.,3
2025-08-26,cancer,Health & Wellness,"Stand, roll your shoulders, smile; tiny reset.",4
2025-08-26,cancer,Love & Relationships,Give a tiny compliment; watch the shift.,4
2025-08-26,cancer,Luck & Opportunities,Say yes to the short call; serendipity needs a chance.,3
2025-08-26,cancer,Overall,Your intuitive energy is enough. Choose clarity over hustle. Notice how support appears.,4
2025-08-26,cancer,Travel & Adventure,Leave ten minutes early; enjoy a slower pace.,3
2025-08-27,cancer,Career & Work,Tidy your to-do list; then knock out the top item.,3
2025-08-27,cancer,Finance & Money,Set a mini goal; screenshot progress for motivation.,4
2025-08-27,cancer,Health & Wellness,Eat something colorful and simple.,3
2025-08-27,cancer,Love & Relationships,Set a gentle boundary; respect follows.,3
2025-08-27,cancer,Luck & Opportunities,Introduce two people; good things echo back.,4
2025-08-27,cancer,Overall,Stay protective and kind to yourself. One brave nudge moves everything. Celebrate tiny progress.,3
2025-08-27,cancer,Travel & Adventure,Pack light; comfort beats clutter.,4
2025-08-28,cancer,Career & Work,Speak up kindly; a door opens when you do.,4
2025-08-28,cancer,Finance & Money,Review one bill; catch a sneaky fee.,3
2025-08-28,cancer,Health & Wellness,Pause for three slow breaths; you’ll feel lighter.,4
2025-08-28,cancer,Love & Relationships,Laugh together about something small.,3
2025-08-28,cancer,Luck & Opportunities,Post the draft; done beats perfect.,3
2025-08-28,cancer,Overall,Lean into being caring. Protect your focus windows. Conversations bring easy wins.,4
2025-08-28,cancer,Travel & Adventure,Pick a park bench; let your mind wander.,3
2025-08-29,cancer,Career & Work,Ship one important task; let the small stuff wait.,3
2025-08-29,cancer,Finance & Money,Glance at your budget; one tweak frees breathing room.,4
2025-08-29,cancer,Health & Wellness,Stretch your neck and breathe; tension melts quickly.,3
2025-08-29,cancer,Love & Relationships,Say what you appreciate; it lands softly.,5
2025-08-29,cancer,Luck & Opportunities,Reply to the warm invite; see where it leads.,3
2025-08-29,cancer,Overall,Stay intuitive and kind to yourself. One brave nudge moves everything. Celebrate tiny progress.,3
2025-08-29,cancer,Travel & Adventure,Try a new route; fresh views refresh thinking.,4
2025-08-30,cancer,Career & Work,Protect a quiet hour; your best idea lands then.,4
2025-08-30,cancer,Finance & Money,Cancel a meh subscription; pocket the relief.,3
2025-08-30,cancer,Health & Wellness,Drink water first; your brain perks up.,3
2025-08-30,cancer,Love & Relationships,Text someone you miss; keep it simple.,3
2025-08-30,cancer,Luck & Opportunities,Pitch the tiny idea; someone’s ready to hear it.,4
2025-08-30,cancer,Overall,Your protective energy is enough. Choose clarity over hustle. Notice how support appears.,4
2025-08-30,cancer,Travel & Adventure,Walk a different block; notice three details.,3
2025-08-31,cancer,Career & Work,Ask for help early; momentum beats perfection today.,3
2025-08-31,cancer,Finance & Money,Compare prices once; future bills get lighter.,3
2025-08-31,cancer,Health & Wellness,Take a brisk walk; mood follows feet.,4
2025-08-31,cancer,Love & Relationships,Listen without fixing; it’s enough today.,4
2025-08-31,cancer,Luck & Opportunities,Follow up once; timing favors you.,3
2025-08-31,cancer,Overall,Stay caring and kind to yourself. One brave nudge moves everything. Celebrate tiny progress.,4
2025-08-31,cancer,Travel & Adventure,Visit a nearby cafe; people-watching sparks ideas.,3
